{
    "deaths": [],
    "kills": [],
    "animalsKilled": [
        "Animal_SusScrofa",
        "Animal_OvisAries",
        "Animal_OvisAries",
        "Animal_OvisAriesF",
        "Animal_SusDomesticus",
        "Animal_VulpesVulpes",
        "Animal_CanisLupus_Grey",
        "Animal_CanisLupus_Grey",
        "Animal_CanisLupus_Grey",
        "Animal_CanisLupus_White",
        "Animal_CapreolusCapreolus",
        "Animal_CanisLupus_Grey",
        "Animal_CanisLupus_Grey",
        "Animal_CapraHircusF",
        "Animal_CapraHircusF",
        "Animal_CervusElaphus",
        "Animal_CervusElaphusF",
        "Animal_SusDomesticus",
        "Animal_GallusGallusDomesticusF_Brown",
        "Animal_CapreolusCapreolusF",
        "Animal_CapreolusCapreolusF",
        "Animal_BosTaurusF_Brown",
        "Animal_BosTaurus_White",
        "Animal_CanisLupus_Grey",
        "Animal_CanisLupus_Grey",
        "Animal_CanisLupus_White",
        "Animal_GallusGallusDomesticus",
        "Animal_CapraHircusF",
        "Animal_CapraHircusF"
    ],
    "name": "Gustavson Fadel",
    "lastTimeSeen": "2025-12-16 19:5:34",
    "deathsToZCount": 0,
    "deathsToNaturalCauseCount": 0,
    "deathsToPlayerCount": 0,
    "deathsToAnimalCount": 0,
    "suicideCount": 1,
    "longestShot": 294,
    "zKilled": 315,
    "timeSurvived": 80542,
    "distTrav": 91342
}