{
    "deaths": [
        {
            "animalsKilled": [],
            "kills": [],
            "longestShot": 0,
            "timeSurvived": 1319,
            "zKillCount": 2,
            "distTrav": 1279,
            "timeStamp": "2025-12-14 0:9:8",
            "posDeath": "6297.88,9.76212,2755.43",
            "killer": "suicide",
            "weapon": "M4A1_Green"
        }
    ],
    "kills": [],
    "animalsKilled": [
        "Animal_CapraHircusF",
        "Animal_CapraHircusF",
        "Animal_CapreolusCapreolusF",
        "Animal_CapreolusCapreolus",
        "Animal_CervusElaphusF",
        "Animal_CervusElaphusF"
    ],
    "name": "meiola",
    "lastTimeSeen": "2025-12-14 0:45:37",
    "deathsToZCount": 0,
    "deathsToNaturalCauseCount": 0,
    "deathsToPlayerCount": 0,
    "deathsToAnimalCount": 0,
    "suicideCount": 1,
    "longestShot": 0,
    "zKilled": 4,
    "timeSurvived": 2180,
    "distTrav": 2524
}