{
    "deaths": [
        {
            "animalsKilled": [
                "Animal_SusDomesticus"
            ],
            "kills": [],
            "longestShot": 0,
            "timeSurvived": 1636,
            "zKillCount": 2,
            "distTrav": 473,
            "timeStamp": "2025-12-14 12:19:48",
            "posDeath": "12040.1,5.66503,3603.43",
            "killer": "suicide",
            "weapon": "Land_House_2B01"
        },
        {
            "animalsKilled": [],
            "kills": [],
            "longestShot": 0,
            "timeSurvived": 1620,
            "zKillCount": 2,
            "distTrav": 2996,
            "timeStamp": "2025-12-14 12:50:42",
            "posDeath": "10364.8,44.1307,3491.64",
            "killer": "zombie",
            "weapon": ""
        },
        {
            "animalsKilled": [],
            "kills": [],
            "longestShot": 0,
            "timeSurvived": 964,
            "zKillCount": 1,
            "distTrav": 947,
            "timeStamp": "2025-12-14 13:7:7",
            "posDeath": "10479,6.6341,1977.76",
            "killer": "zombie",
            "weapon": ""
        },
        {
            "animalsKilled": [],
            "kills": [],
            "longestShot": 0,
            "timeSurvived": 1438,
            "zKillCount": 6,
            "distTrav": 1544,
            "timeStamp": "2025-12-14 13:52:7",
            "posDeath": "10261.7,6.54129,2183.18",
            "killer": "suicide",
            "weapon": "Animal_CanisLupus_White"
        },
        {
            "animalsKilled": [],
            "kills": [],
            "longestShot": 0,
            "timeSurvived": 934,
            "zKillCount": 6,
            "distTrav": 474,
            "timeStamp": "2025-12-14 14:10:37",
            "posDeath": "10243.3,5.96464,2168.15",
            "killer": "zombie",
            "weapon": ""
        },
        {
            "animalsKilled": [],
            "kills": [],
            "longestShot": 0,
            "timeSurvived": 555,
            "zKillCount": 5,
            "distTrav": 360,
            "timeStamp": "2025-12-14 14:20:15",
            "posDeath": "12058.2,5.34927,3620.81",
            "killer": "suicide",
            "weapon": "BoneKnife"
        },
        {
            "animalsKilled": [],
            "kills": [],
            "longestShot": 0,
            "timeSurvived": 909,
            "zKillCount": 1,
            "distTrav": 1387,
            "timeStamp": "2025-12-14 14:35:43",
            "posDeath": "5248.79,8.0411,2135.08",
            "killer": "zombie",
            "weapon": ""
        },
        {
            "animalsKilled": [],
            "kills": [],
            "longestShot": 0,
            "timeSurvived": 761,
            "zKillCount": 4,
            "distTrav": 782,
            "timeStamp": "2025-12-14 14:48:49",
            "posDeath": "8077.87,6.04139,3283.17",
            "killer": "suicide",
            "weapon": "B95"
        },
        {
            "animalsKilled": [
                "Animal_CapreolusCapreolusF"
            ],
            "kills": [],
            "longestShot": 0,
            "timeSurvived": 1580,
            "zKillCount": 5,
            "distTrav": 2079,
            "timeStamp": "2025-12-14 15:17:46",
            "posDeath": "10277.5,40.9368,3489.81",
            "killer": "suicide",
            "weapon": ""
        },
        {
            "animalsKilled": [
                "Animal_CapreolusCapreolusF",
                "Animal_CapreolusCapreolus"
            ],
            "kills": [],
            "longestShot": 0,
            "timeSurvived": 2173,
            "zKillCount": 4,
            "distTrav": 3743,
            "timeStamp": "2025-12-14 15:54:22",
            "posDeath": "4921.2,9.70963,2511.61",
            "killer": "zombie",
            "weapon": ""
        },
        {
            "animalsKilled": [
                "Animal_CanisLupus_White",
                "Animal_CanisLupus_Grey",
                "Animal_CanisLupus_White",
                "Animal_CapreolusCapreolusF",
                "Animal_CapreolusCapreolus"
            ],
            "kills": [],
            "longestShot": 0,
            "timeSurvived": 11545,
            "zKillCount": 18,
            "distTrav": 8194,
            "timeStamp": "2025-12-15 14:9:36",
            "posDeath": "13387,6.60757,6376.96",
            "killer": "suicide",
            "weapon": "bl_improvised_sledgehammer"
        },
        {
            "animalsKilled": [],
            "kills": [],
            "longestShot": 9,
            "timeSurvived": 17240,
            "zKillCount": 33,
            "distTrav": 10620,
            "timeStamp": "2025-12-16 16:18:48",
            "posDeath": "12922.5,20.9317,5620.7",
            "killer": "suicide",
            "weapon": "Land_Barn_Brick1"
        }
    ],
    "kills": [],
    "animalsKilled": [
        "Animal_GallusGallusDomesticusF_Brown"
    ],
    "name": "Hadouken",
    "lastTimeSeen": "2025-12-16 18:35:15",
    "deathsToZCount": 6,
    "deathsToNaturalCauseCount": 0,
    "deathsToPlayerCount": 0,
    "deathsToAnimalCount": 0,
    "suicideCount": 10,
    "longestShot": 0,
    "zKilled": 18,
    "timeSurvived": 5587,
    "distTrav": 3770
}