{
    "deaths": [
        {
            "animalsKilled": [
                "Animal_CanisLupus_Grey",
                "Animal_CanisLupus_Grey",
                "Animal_CanisLupus_Grey",
                "Animal_SusDomesticus",
                "Animal_SusDomesticus"
            ],
            "kills": [],
            "longestShot": 33,
            "timeSurvived": 18926,
            "zKillCount": 85,
            "distTrav": 20041,
            "timeStamp": "2025-12-15 11:14:8",
            "posDeath": "1415.52,146.179,4302.39",
            "killer": "suicide",
            "weapon": "B95"
        }
    ],
    "kills": [],
    "animalsKilled": [
        "Animal_CapreolusCapreolus",
        "Animal_CapreolusCapreolusF",
        "Animal_CapreolusCapreolusF",
        "Animal_LepusEuropaeus",
        "Animal_GallusGallusDomesticusF_Spotted",
        "Animal_CanisLupus_Grey",
        "Animal_CanisLupus_Grey",
        "Animal_CanisLupus_Grey",
        "Animal_CanisLupus_Grey",
        "Animal_CanisLupus_White",
        "Animal_CanisLupus_Grey",
        "Animal_CanisLupus_Grey"
    ],
    "name": "fox",
    "lastTimeSeen": "2025-12-17 0:35:12",
    "deathsToZCount": 0,
    "deathsToNaturalCauseCount": 0,
    "deathsToPlayerCount": 0,
    "deathsToAnimalCount": 0,
    "suicideCount": 4,
    "longestShot": 0,
    "zKilled": 128,
    "timeSurvived": 23954,
    "distTrav": 34198
}