{
    "deaths": [
        {
            "animalsKilled": [],
            "kills": [],
            "longestShot": 0,
            "timeSurvived": 9485,
            "zKillCount": 26,
            "distTrav": 12738,
            "timeStamp": "2025-12-14 7:46:24",
            "posDeath": "848.515,33.7408,2327.02",
            "killer": "suicide",
            "weapon": "BoneKnife"
        },
        {
            "animalsKilled": [
                "Animal_SusDomesticus",
                "Animal_CapreolusCapreolusF",
                "Animal_CapreolusCapreolusF",
                "Animal_CapreolusCapreolus",
                "Animal_SusDomesticus",
                "Animal_SusDomesticus"
            ],
            "kills": [],
            "longestShot": 0,
            "timeSurvived": 3424,
            "zKillCount": 0,
            "distTrav": 9453,
            "timeStamp": "2025-12-14 14:44:6",
            "posDeath": "834.141,34.9692,2319.83",
            "killer": "suicide",
            "weapon": "BoneKnife"
        },
        {
            "animalsKilled": [],
            "kills": [],
            "longestShot": 0,
            "timeSurvived": 2806,
            "zKillCount": 5,
            "distTrav": 7461,
            "timeStamp": "2025-12-14 15:31:16",
            "posDeath": "6455.09,249.158,4491",
            "killer": "suicide",
            "weapon": "HuntingKnife"
        },
        {
            "animalsKilled": [
                "Animal_GallusGallusDomesticusF_Brown",
                "Animal_GallusGallusDomesticus"
            ],
            "kills": [],
            "longestShot": 0,
            "timeSurvived": 1480,
            "zKillCount": 0,
            "distTrav": 5726,
            "timeStamp": "2025-12-14 15:56:29",
            "posDeath": "5010.77,9.38165,2375.85",
            "killer": "suicide",
            "weapon": "UMP45"
        },
        {
            "animalsKilled": [
                "Animal_GallusGallusDomesticusF_Brown",
                "Animal_GallusGallusDomesticus",
                "Animal_GallusGallusDomesticus",
                "Animal_CapreolusCapreolusF",
                "Animal_CapreolusCapreolus",
                "Animal_SusScrofa",
                "Animal_SusScrofa",
                "Animal_SusScrofa",
                "Animal_SusScrofa",
                "Animal_SusScrofa"
            ],
            "kills": [],
            "longestShot": 0,
            "timeSurvived": 22320,
            "zKillCount": 61,
            "distTrav": 19756,
            "timeStamp": "2025-12-15 9:17:57",
            "posDeath": "11399,74.3833,6635.26",
            "killer": "empty",
            "weapon": "AK101_Green"
        },
        {
            "animalsKilled": [],
            "kills": [],
            "longestShot": 0,
            "timeSurvived": 643,
            "zKillCount": 2,
            "distTrav": 1211,
            "timeStamp": "2025-12-15 12:53:32",
            "posDeath": "13447.8,6.19236,6240.15",
            "killer": "suicide",
            "weapon": "FieldShovel"
        },
        {
            "animalsKilled": [],
            "kills": [],
            "longestShot": 0,
            "timeSurvived": 1487,
            "zKillCount": 1,
            "distTrav": 4547,
            "timeStamp": "2025-12-15 13:18:42",
            "posDeath": "9447.22,12.1977,2090.9",
            "killer": "suicide",
            "weapon": "Doggo_Wild1"
        },
        {
            "animalsKilled": [],
            "kills": [],
            "longestShot": 0,
            "timeSurvived": 24,
            "zKillCount": 0,
            "distTrav": 65,
            "timeStamp": "2025-12-15 13:19:48",
            "posDeath": "8703.88,6.37579,2453.13",
            "killer": "suicide",
            "weapon": "Aug"
        },
        {
            "animalsKilled": [],
            "kills": [],
            "longestShot": 0,
            "timeSurvived": 36,
            "zKillCount": 0,
            "distTrav": 125,
            "timeStamp": "2025-12-15 13:20:55",
            "posDeath": "9317.66,6.0249,2032.41",
            "killer": "suicide",
            "weapon": "Animal_CervusElaphusF"
        },
        {
            "animalsKilled": [],
            "kills": [],
            "longestShot": 0,
            "timeSurvived": 58,
            "zKillCount": 0,
            "distTrav": 251,
            "timeStamp": "2025-12-15 13:22:10",
            "posDeath": "9490.05,7.70586,1838.43",
            "killer": "suicide",
            "weapon": "ZmbM_JoggerSkinny_Red"
        },
        {
            "animalsKilled": [],
            "kills": [],
            "longestShot": 0,
            "timeSurvived": 43,
            "zKillCount": 0,
            "distTrav": 161,
            "timeStamp": "2025-12-15 13:23:21",
            "posDeath": "8728.23,6.74199,2412.53",
            "killer": "suicide",
            "weapon": "Doggo_Wild1"
        },
        {
            "animalsKilled": [],
            "kills": [],
            "longestShot": 0,
            "timeSurvived": 32,
            "zKillCount": 0,
            "distTrav": 128,
            "timeStamp": "2025-12-15 13:24:29",
            "posDeath": "8042.32,5.56742,3130.08",
            "killer": "suicide",
            "weapon": "SV98"
        },
        {
            "animalsKilled": [],
            "kills": [],
            "longestShot": 0,
            "timeSurvived": 55,
            "zKillCount": 0,
            "distTrav": 159,
            "timeStamp": "2025-12-15 13:25:46",
            "posDeath": "8011.88,6.42017,3162.94",
            "killer": "suicide",
            "weapon": "Animal_BosTaurus_White"
        },
        {
            "animalsKilled": [],
            "kills": [],
            "longestShot": 0,
            "timeSurvived": 64,
            "zKillCount": 0,
            "distTrav": 158,
            "timeStamp": "2025-12-15 13:30:11",
            "posDeath": "7841.47,6.02498,3309.5",
            "killer": "empty",
            "weapon": "SteakKnife"
        },
        {
            "animalsKilled": [],
            "kills": [],
            "longestShot": 0,
            "timeSurvived": 39,
            "zKillCount": 0,
            "distTrav": 117,
            "timeStamp": "2025-12-15 13:31:25",
            "posDeath": "10846.4,6.02693,2679.18",
            "killer": "suicide",
            "weapon": "Doggo_Wild1"
        },
        {
            "animalsKilled": [],
            "kills": [],
            "longestShot": 0,
            "timeSurvived": 149,
            "zKillCount": 0,
            "distTrav": 403,
            "timeStamp": "2025-12-15 13:34:5",
            "posDeath": "10855,6.34728,2769.71",
            "killer": "suicide",
            "weapon": "SV98"
        },
        {
            "animalsKilled": [],
            "kills": [],
            "longestShot": 0,
            "timeSurvived": 48,
            "zKillCount": 0,
            "distTrav": 110,
            "timeStamp": "2025-12-15 13:35:7",
            "posDeath": "10512.1,6.025,2148.46",
            "killer": "suicide",
            "weapon": "M9A1_Bayonet"
        },
        {
            "animalsKilled": [],
            "kills": [],
            "longestShot": 0,
            "timeSurvived": 1029,
            "zKillCount": 6,
            "distTrav": 1378,
            "timeStamp": "2025-12-15 18:20:37",
            "posDeath": "13137,1.6647,7662.85",
            "killer": "suicide",
            "weapon": "StoneKnife"
        },
        {
            "animalsKilled": [],
            "kills": [],
            "longestShot": 0,
            "timeSurvived": 151,
            "zKillCount": 0,
            "distTrav": 352,
            "timeStamp": "2025-12-15 18:23:23",
            "posDeath": "12160.3,0.773633,3414.91",
            "killer": "suicide",
            "weapon": "SVD"
        },
        {
            "animalsKilled": [],
            "kills": [],
            "longestShot": 0,
            "timeSurvived": 109,
            "zKillCount": 0,
            "distTrav": 295,
            "timeStamp": "2025-12-15 18:25:20",
            "posDeath": "12041.8,6.18772,3645.25",
            "killer": "suicide",
            "weapon": "SVD"
        }
    ],
    "kills": [],
    "animalsKilled": [
        "Animal_CanisLupus_Grey",
        "Animal_CanisLupus_White",
        "Animal_CanisLupus_Grey",
        "Animal_CanisLupus_White",
        "Animal_CanisLupus_Grey",
        "Animal_CanisLupus_White",
        "Animal_OvisAries",
        "Animal_CanisLupus_Grey",
        "Animal_CanisLupus_White",
        "Animal_CanisLupus_White",
        "Animal_SusDomesticus",
        "Animal_SusDomesticus",
        "Animal_CapreolusCapreolus",
        "Animal_CapreolusCapreolusF",
        "Animal_CanisLupus_Grey",
        "Animal_CanisLupus_Grey",
        "Animal_CanisLupus_White",
        "Animal_SusDomesticus",
        "Animal_CapreolusCapreolus",
        "Animal_SusDomesticus",
        "Animal_CanisLupus_Grey",
        "Animal_GallusGallusDomesticusF_Brown",
        "Animal_GallusGallusDomesticus",
        "Animal_CanisLupus_Grey",
        "Animal_CanisLupus_White",
        "Animal_CanisLupus_Grey",
        "Animal_CanisLupus_White",
        "Animal_CanisLupus_Grey",
        "Animal_CanisLupus_White",
        "Animal_CanisLupus_White"
    ],
    "name": "Fabricio Wagner",
    "lastTimeSeen": "2025-12-16 22:16:19",
    "deathsToZCount": 1,
    "deathsToNaturalCauseCount": 0,
    "deathsToPlayerCount": 2,
    "deathsToAnimalCount": 0,
    "suicideCount": 21,
    "longestShot": 22,
    "zKilled": 124,
    "timeSurvived": 59902,
    "distTrav": 95012
}