{
    "deaths": [
        {
            "animalsKilled": [],
            "kills": [],
            "longestShot": 0,
            "timeSurvived": 1404,
            "zKillCount": 14,
            "distTrav": 1275,
            "timeStamp": "2025-12-16 11:43:53",
            "posDeath": "6301.78,8.7066,2750.45",
            "killer": "suicide",
            "weapon": "SVD"
        },
        {
            "animalsKilled": [],
            "kills": [],
            "longestShot": 0,
            "timeSurvived": 1910,
            "zKillCount": 5,
            "distTrav": 2567,
            "timeStamp": "2025-12-16 12:27:10",
            "posDeath": "7084.62,193.348,4317.25",
            "killer": "suicide",
            "weapon": "CrudeMachete"
        }
    ],
    "kills": [],
    "animalsKilled": [
        "Animal_GallusGallusDomesticusF_Brown"
    ],
    "name": "LincolnZ",
    "lastTimeSeen": "2025-12-16 13:14:34",
    "deathsToZCount": 0,
    "deathsToNaturalCauseCount": 0,
    "deathsToPlayerCount": 0,
    "deathsToAnimalCount": 0,
    "suicideCount": 2,
    "longestShot": 0,
    "zKilled": 7,
    "timeSurvived": 2767,
    "distTrav": 7188
}