{
    "deaths": [
        {
            "animalsKilled": [],
            "kills": [],
            "longestShot": 0,
            "timeSurvived": 432,
            "zKillCount": 0,
            "distTrav": 609,
            "timeStamp": "2025-12-13 21:46:51",
            "posDeath": "9685.38,6.46343,2025.24",
            "killer": "suicide",
            "weapon": "Doggo_Wild7"
        }
    ],
    "kills": [],
    "animalsKilled": [],
    "name": "EdsonFarias_54",
    "lastTimeSeen": "2025-12-13 21:55:9",
    "deathsToZCount": 0,
    "deathsToNaturalCauseCount": 0,
    "deathsToPlayerCount": 0,
    "deathsToAnimalCount": 0,
    "suicideCount": 1,
    "longestShot": 0,
    "zKilled": 0,
    "timeSurvived": 492,
    "distTrav": 1168
}