{
    "deaths": [
        {
            "animalsKilled": [
                "Animal_CanisLupus_Grey",
                "Animal_BosTaurus_Spotted"
            ],
            "kills": [],
            "longestShot": 0,
            "timeSurvived": 7819,
            "zKillCount": 36,
            "distTrav": 9392,
            "timeStamp": "2025-12-14 21:8:12",
            "posDeath": "10279.6,12.8556,2297.88",
            "killer": "suicide",
            "weapon": "LongWoodenStick"
        },
        {
            "animalsKilled": [],
            "kills": [],
            "longestShot": 0,
            "timeSurvived": 7819,
            "zKillCount": 36,
            "distTrav": 9392,
            "timeStamp": "2025-12-14 21:8:12",
            "posDeath": "10279.6,12.8556,2297.84",
            "killer": "zombie",
            "weapon": ""
        }
    ],
    "kills": [],
    "animalsKilled": [
        "Animal_GallusGallusDomesticusF_Brown",
        "Animal_GallusGallusDomesticusF_Spotted",
        "Animal_GallusGallusDomesticusF_Spotted"
    ],
    "name": "Joelton",
    "lastTimeSeen": "2025-12-16 19:4:26",
    "deathsToZCount": 1,
    "deathsToNaturalCauseCount": 0,
    "deathsToPlayerCount": 0,
    "deathsToAnimalCount": 0,
    "suicideCount": 1,
    "longestShot": 0,
    "zKilled": 201,
    "timeSurvived": 25316,
    "distTrav": 29363
}